record_id,decision,tier,study_family_id,independence,arm_count,specimen_count,endpoint_class,numeric_data_status,core_covariate_completeness,reviewer_a,reviewer_b_or_adjudicator,exact_locator,rationale
S01,pending,pending,F001,originating,1,,functional_water_transport,digitizable,0.40,screen-1,pending-human-adjudication,PDF pp.4,6,9-10,"Provisional direct match: modern terrestrial Roman-inspired OPC/fly-ash/sand mortar; quicklime 7.5-15 mass%; quicklime-free controls; controlled 0.5 mm re-mated crack; 30-day water-flow endpoint. Human adjudication is required before Tier A can count."
S02,exclude,C,,not_applicable,0,,context_only,reported_table,,screen-1,pending-human-adjudication,abstract and pp.1-2,"Review of hot-lime production/process variability; no new intervention/healing experiment."
S03,include,B,F002,originating,3,9,functional_water_transport,reported_table,0.78,screen-1,pending-human-adjudication,abstract and DOI,"Water-flow and micro-CT self-healing in three formulations, but no explicit quicklime/hot-mixing intervention."
S04,include,B,F003,originating,12,36,functional_water_transport,publisher_metadata,0.65,screen-1,pending-human-adjudication,abstract and DOI,"Lime/cement/metakaolin formulations and water-flow tests, but not hot-mixed quicklime and access is metadata/preview."
S05,include,B,F004,originating,4,48,functional_water_transport,reported_table,0.62,screen-1,pending-human-adjudication,repository abstract,"Quicklime dosed in Portland-cement paste with permeability, crack sealing, and strength; not mortar/lime-pozzolan and no hot-mixing comparator."
S06,include,B,F004,derivative,4,48,functional_water_transport,publisher_metadata,0.50,screen-1,pending-human-adjudication,DOI metadata,"Same Qureshi research lineage and mineral system; derivative/optimization paper, not independent family."
S07,include,B,F005,originating,1,12,strength_only,reported_table,0.60,screen-1,pending-human-adjudication,abstract and DOI,"Natural hydraulic lime mortar with controlled damage and strength/UPV recovery, but no functional water-transport endpoint or quicklime/hot-mixing intervention."
S08,include,C,F006,originating,0,,mechanistic,not_reported,,screen-1,pending-human-adjudication,Heron pp.75-91,"Field/case-study microscopy of ancient lime mortars; no controlled modern intervention or functional endpoint."
S09,include,B,F007,originating,3,,strength_only,publisher_metadata,0.45,screen-1,pending-human-adjudication,abstract and DOI,"Hydrated lime additions to HVFA cementitious composites; not quicklime/hot-mixing and primary recovery is RF/RCPT."
S10,exclude,C,,not_applicable,0,,context_only,reported_table,,screen-1,pending-human-adjudication,abstract,"Hot-mixed mortar slaking/steam process study; no controlled cracking or healing endpoint."
S11,exclude,C,,not_applicable,0,,context_only,publisher_metadata,,screen-1,pending-human-adjudication,DOI metadata,"Hot-lime maturation/process study; no controlled cracking or healing endpoint."
S12,exclude,C,,not_applicable,0,,context_only,reported_table,,screen-1,pending-human-adjudication,abstract and DOI,"Archaeological Pompeii material/process evidence; no modern performance experiment."
S13,exclude,C,,not_applicable,0,,context_only,publisher_metadata,,screen-1,pending-human-adjudication,DOI metadata,"Review/contextual synthesis; no independent experiment."
S14,exclude,C,,not_applicable,0,,context_only,reported_table,,screen-1,pending-human-adjudication,abstract and DOI,"RILEM restoration review; contextual durability and practice evidence, not direct intervention healing."
S15,exclude,C,,not_applicable,0,,context_only,publisher_metadata,,screen-1,pending-human-adjudication,abstract and DOI,"Review of additives/admixtures; no qualifying direct hot-mix experiment."
S16,exclude,C,,not_applicable,0,,mechanistic,publisher_metadata,,screen-1,pending-human-adjudication,abstract and DOI,"Simulation based on prior lime-mortar experiments; no new direct intervention evidence."
S17,include,B,F008,originating,3,,crack_closure_only,narrative_only,0.25,screen-1,pending-human-adjudication,abstract and DOI,"Hot-mixed shell-derived quicklime concrete with crack closure, but preprint and no functional water-transport endpoint."
S18,exclude,D,,not_applicable,0,,none,publisher_metadata,,screen-1,pending-human-adjudication,DOI metadata,"Cement self-healing with crystalline admixtures; unrelated intervention/material domain."
S19,exclude,D,,not_applicable,0,,none,publisher_metadata,,screen-1,pending-human-adjudication,DOI metadata,"Cementitious mineral-admixture self-healing; no hot-mixed quicklime lime-pozzolan system."
S20,exclude,C,,not_applicable,0,,context_only,publisher_metadata,,screen-1,pending-human-adjudication,DOI metadata,"State-of-art review; no new direct experiment."
S21,include,B,F009,originating,1,,functional_water_transport,publisher_metadata,0.40,screen-1,pending-human-adjudication,abstract and DOI,"Lime-based intervention mortar with XCT/durability testing, but engineered modification rather than hot-mixed quicklime and not the target comparator."
S22,include,B,F010,originating,6,,functional_water_transport,publisher_metadata,0.45,screen-2,pending-human-adjudication,ScienceDirect result,"Natural hydraulic lime paste; functional permeability/healing work, but no explicit quicklime/hot-mixing intervention."
S23,include,B,F011,originating,4,,strength_only,reported_table,0.50,screen-2,pending-human-adjudication,PMC abstract,"Nanolime healing agent in lime mortar; not a hot-mix process comparison."
S24,include,B,F012,originating,4,,functional_water_transport,reported_table,0.42,screen-2,pending-human-adjudication,repository record,"Cement-lime 3D-printing/healing formulation; not hot-mixed quicklime and not comparable to target intervention."
S25,pending,pending,F013,originating,2,,functional_water_transport,reported_table,0.55,screen-3,pending-human-adjudication,"Provisional direct candidate: modern bridge-deck concrete with 0%, 2%, and 4% quicklime, controlled 100–550 µm cracks, cyclic exposure, and internal crack-depth water-flow testing; thesis is one lineage with S26 and requires expert adjudication of the selected-specimen flow design."
S26,pending,pending,F013,derivative,2,,functional_water_transport,reported_table,0.55,screen-3,pending-human-adjudication,"Government final report of the same Utah State quicklime bridge-deck experiment as S25; pp. 44–49 document falling-head water flow/permeability, pp. 51–52 controlled crack widths, and pp. 75–80 results. Count once with S25, not as an independent replication."
S27,include,B,F014,originating,0,,mechanistic,reported_table,0.45,screen-3,pending-human-adjudication,"Open doctoral thesis studies hot-mixing, free lime, pore structure, and observed crack healing in conservation mortars, but does not expose a controlled functional water-flow recovery comparison matching the target."
S28,include,B,F015,originating,0,,strength_only,reported_table,0.50,screen-3,pending-human-adjudication,"Hot-mixed versus lime-putty mortars with pozzolans; fresh/hardened property and durability comparison, but no controlled crack-healing or functional water-flow endpoint."
S29,include,B,F016,originating,0,,mechanistic,reported_table,0.45,screen-3,pending-human-adjudication,"Hot-lime construction-material thesis with physical/chemical durability work; no qualifying controlled crack-healing water-transport endpoint."
S30,include,B,F017,originating,3,,functional_water_transport,reported_table,0.45,screen-3,pending-human-adjudication,"Open 2026 cement-based study combines silica fume and quicklime and reports crack repair/impermeability, but it is not a hot-mixed lime-pozzolan mortar with a process-matched comparator."
S31,include,B,F018,originating,0,,mechanistic,reported_table,0.40,screen-3,pending-human-adjudication,"Open lime-type study includes blocky quicklime but reports material properties rather than controlled post-crack functional recovery."
S32,include,B,F019,originating,0,,mechanistic,reported_table,0.40,screen-3,pending-human-adjudication,"Open thesis on advanced lime mortars and microbial/carbonation healing; engineered/additive system and not the target hot-mix quicklime intervention."
S33,include,B,F020,originating,0,,strength_only,narrative_only,0.30,screen-4,pending-human-adjudication,"Natural-hydraulic-lime self-healing concrete under cyclic compression; no explicit quicklime/hot-mixing intervention or functional water-flow endpoint in the accessible record."
S34,exclude,D,,not_applicable,0,,none,narrative_only,,screen-4,pending-human-adjudication,"Patent record and conceptual Roman-concrete disclosure, not a peer-reviewed, inspectable independent experiment for this audit."
