capability_id,category,requirement_level,capability_question,evidence_required,owner_role,response_status
C01,preparation_and_casting,required,Can the facility prepare and cast the source-defined candidate and process-matched control without inventing unreported formulation values?,method_or_capability_description,facility_materials_lead,unknown
C02,controlled_damage,required,Can the facility apply and verify a controlled crack or defined damage state appropriate to the functional endpoint?,standard_or_method_locator,facility_testing_lead,unknown
C03,functional_transport,required,Can the facility measure water-flow or permeability recovery at specimen level with units and uncertainty?,instrument_method_and_calibration,facility_testing_lead,unknown
C04,exposure,required,Can the facility control and record the declared healing exposure and timepoints?,environment_method_and_record,facility_testing_lead,unknown
C05,strength_retention,required,Can the facility measure compressive-strength retention as a constraint with batch/specimen lineage?,standard_or_method_locator,facility_testing_lead,unknown
C06,batch_lineage,required,Can the facility preserve batch, specimen, damage-event, randomization, and custody identifiers?,data_dictionary_or_lims_description,facility_data_owner,unknown
C07,calibration_metadata,required,Can the facility return instrument/run and calibration metadata with uncertainty and missingness?,calibration_record_description,facility_data_owner,unknown
C08,microscopy_chemistry,optional,Can the facility provide microscopy or chemistry characterization if a qualified reviewer decides it is discriminating?,method_and_access_conditions,facility_characterization_lead,unknown
C09,raw_data_return,required,Can the facility return permitted raw or derived files with stable provenance locators?,data_return_example_or_contract,facility_data_owner,unknown
C10,safety_review,required,Who owns review of materials, thermal process, damage method, equipment, waste, and stop conditions?,safety_role_and_review_scope,facility_safety_reviewer,unknown
